Model,CV macro F1 (train),Test Accuracy,Test macro F1
Random Forest,0.4354893068393474,0.5646437994722955,0.5554964441427724
