Model,CV macro F1 (train),Test Accuracy,Test macro F1
Random Forest,0.5235343429600339,0.558282208588957,0.5525752175606372
